id,Name,titleProject_id,class,score,login,password
0,Сербин Геннадий Михаилович,7,8в,2,Сербин_ГМ,TWUO2Evg
1,Папандина Клавдия Яковлевна,304,9в,5,Папандина_КЯ,pBpYxVTM
2,Белагина Галина Андреевна,396,9а,4,Белагина_ГА,o4irDJNw
3,Кижняева Анна Леонидовна,178,7и,2,Кижняева_АЛ,jfVGIE3W
4,Цывин Олег Яковлевич,446,7т,2,Цывин_ОЯ,KOxM3GFb
5,Жидняева Ксения Эдуардовна,373,7х,4,Жидняева_КЭ,DloEYdZ3
6,Липковский Анатолий Иванович,144,10а,2,Липковский_АИ,uXrfxgrc
7,Меднова Наталья Богдановна,290,7и,5,Меднова_НБ,3jirvpGV
8,Житихин Вячеслав Романович,141,9а,5,Житихин_ВР,njR3vqvo
9,Шеврина Полина Максимовна,33,11а,5,Шеврина_ПМ,cov8MXbd
10,Алпеев Валентин Данилович,323,8а,2,Алпеев_ВД,7xwAYYVF
11,Золикова Клара Игоревна,364,10х,2,Золикова_КИ,sxTnoNXI
12,Дориков Дмитрий Петрович,296,10г,5,Дориков_ДП,8vBOcXOL
13,Корабышев Кирилл Михаилович,302,8и,5,Корабышев_КМ,ZppyNEzo
14,Ростовиков Константин Николаевич,336,10а,2,Ростовиков_КН,250fVWSE
15,Нехаев Дмитрий Фёдорович,129,7х,4,Нехаев_ДФ,VjrVqheJ
16,Зызлова Мария Николаевна,430,8г,3,Зызлова_МН,OkfIa2KR
17,Королупов Валерий Тимофеевич,397,10д,5,Королупов_ВТ,pN9cAbgd
18,Стенцов Евгений Яковлевич,315,8и,4,Стенцов_ЕЯ,Xgzl0ITk
19,Феклисов Константин Виталиевич,270,9т,None,Феклисов_КВ,BrjqYcNc
20,Синелев Руслан Тимофеевич,300,8и,2,Синелев_РТ,tgzAQBar
21,Опевалова Вера Евгеньевна,473,9д,5,Опевалова_ВЕ,N1dxJcmC
22,Назерова Вероника Василевна,206,7б,5,Назерова_ВВ,HgzCDMln
23,Дименская Светлана Дмитриевна,387,9д,5,Дименская_СД,69PDaqT7
24,Ковторева Раиса Василевна,482,9и,2,Ковторева_РВ,VqVlNkJh
25,Кулишнин Вячеслав Яковлевич,386,11х,5,Кулишнин_ВЯ,TfeGwM5z
26,Лексин Кирилл Антонович,139,7в,5,Лексин_КА,VI0B0Ksv
27,Лаковский Григорий Василиевич,240,7д,5,Лаковский_ГВ,sm09gT2O
28,Барамыкова Александра Алексеевна,106,10а,3,Барамыкова_АА,p5dC9bTK
29,Плясулина Оксана Андреевна,346,8х,2,Плясулина_ОА,31yndzGY
30,Петрикеев Станислав Яковлевич,14,7и,4,Петрикеев_СЯ,tbQAckvX
31,Моторыгин Илья Георгиевич,238,10и,5,Моторыгин_ИГ,y9TJhFMC
32,Рыков Тарас Павлович,174,10и,5,Рыков_ТП,yFPyl8IP
33,Иончикова Елизавета Егоровна,169,8д,5,Иончикова_ЕЕ,VfuBuxFg
34,Смолькина Алиса Егоровна,441,7г,5,Смолькина_АЕ,PSot7SBZ
35,Оболенин Герасим Павлович,472,7и,4,Оболенин_ГП,8WHfsbMf
36,Трощинский Георгий Борисович,67,9д,3,Трощинский_ГБ,XziJ3Rb7
37,Поддубская Лиза Игоревна,496,10а,4,Поддубская_ЛИ,77XRzRjN
38,Телькова Валерия Олеговна,335,7х,4,Телькова_ВО,ytmaILHG
39,Чигварина Александра Алексеевна,428,10б,2,Чигварина_АА,xBNBGfIi
40,Киреевский Артур Игоревич,119,7в,3,Киреевский_АИ,SXaH2nwm
41,Шумейкин Роман Павлович,420,8в,5,Шумейкин_РП,iNuXH2MG
42,Трушинов Максим Алексиевич,82,8и,4,Трушинов_МА,WiZ303ay
43,Голюков Денис Сергеевич,62,11б,4,Голюков_ДС,ItpotUAJ
44,Хлиманкова Надежда Валерьевна,461,10б,3,Хлиманкова_НВ,mDBfIrWI
45,Кулаженков Алексей Олегович,367,10в,2,Кулаженков_АО,Y2Z0gi1y
46,Бутукин Владимир Адамович,221,7х,5,Бутукин_ВА,S0W9jR6B
47,Поддуев Леонид Олегович,149,9х,4,Поддуев_ЛО,RjOcyRg9
48,Ревцев Василий Павлович,360,9х,5,Ревцев_ВП,0hpQm9Dx
49,Старокожев Артём Юрьевич,46,8д,3,Старокожев_АЮ,Bu7krR8I
50,Светошев Максим Михаилович,321,10х,2,Светошев_ММ,NQYJySxP
51,Старынина Кристина Федоровна,266,9д,3,Старынина_КФ,rzLDm914
52,Востров Дмитрий Денисович,282,9г,3,Востров_ДД,FfOhw0SC
53,Бураханова Анастасия Леонидовна,16,8г,2,Бураханова_АЛ,uZhSL1eX
54,Понизов Виктор Кириллович,214,11и,5,Понизов_ВК,HxsPVN3x
55,Суздалев Валерий Алексеевич,66,11т,5,Суздалев_ВА,6EkdVQEl
56,Колендин Дмитрий Алексеевич,153,10в,4,Колендин_ДА,NcZrsJtT
57,Сулькова Екатерина Андреевна,325,8и,4,Сулькова_ЕА,1Sw75RE3
58,Аржевитова Надежда Федоровна,242,10в,2,Аржевитова_НФ,OMzFKATQ
59,Крассов Валерий Олегович,201,8х,5,Крассов_ВО,omRXhles
60,Сонураева Инна Андреевна,450,9т,3,Сонураева_ИА,rjk1Ls3M
61,Пашин Роман Вадимович,204,10д,2,Пашин_РВ,iJmbHcPj
62,Фичкина Евгения Федоровна,29,11д,3,Фичкина_ЕФ,CQDRW34D
63,Свилин Олег Виталиевич,123,8в,2,Свилин_ОВ,AYcv7r1I
64,Рогоцкий Андрей Адамович,142,9в,2,Рогоцкий_АА,BFvKrXOB
65,Ахантьев Игорь Валериевич,80,10д,5,Ахантьев_ИВ,CPbnTgxa
66,Сочиникова Ксения Кирилловна,100,10д,2,Сочиникова_КК,nNxQChIm
67,Остюков Артур Романович,329,11и,3,Остюков_АР,x8bHHgFv
68,Брюкина Оксана Викторовна,98,8в,5,Брюкина_ОВ,GQZ8Fqwl
69,Кузовенков Игорь Юрьевич,322,9г,None,Кузовенков_ИЮ,zScjjHlS
70,Калухов Тарас Иванович,207,11а,3,Калухов_ТИ,cQK4c7Qd
71,Батыров Пётр Виталиевич,227,7и,3,Батыров_ПВ,ve8RTRfM
72,Озрина Катерина Валерьевна,147,10а,4,Озрина_КВ,FJvtG95j
73,Декалова Полина Леонидовна,470,11д,5,Декалова_ПЛ,fsB4omny
74,Лосицкий Владимир Кириллович,369,9т,5,Лосицкий_ВК,MGXQclXW
75,Магнусов Пётр Максимович,437,7и,5,Магнусов_ПМ,3syAuYzp
76,Лавренков Михаил Василиевич,188,9б,2,Лавренков_МВ,5Lp6ebNT
77,Шушкалова Вероника Алексеевна,411,8т,5,Шушкалова_ВА,biTuhn5g
78,Бороданова Маргарита Дмитриевна,118,7г,5,Бороданова_МД,SIWK9raD
79,Циркина Виолетта Федоровна,231,9г,2,Циркина_ВФ,yshobSLi
80,Болохина Екатерина Андреевна,194,11д,3,Болохина_ЕА,JxHLW1l9
81,Чукалова Дарья Валерьевна,20,10г,4,Чукалова_ДВ,OZNBzAg4
82,Беловолов Степан Петрович,222,9д,2,Беловолов_СП,YzwuEFcj
83,Зудейкина Вероника Ивановна,166,8и,3,Зудейкина_ВИ,h7lswjMD
84,Макунова Мария Борисовна,47,9в,5,Макунова_МБ,Ys1NIMZo
85,Верзанский Геннадий Андреевич,497,7д,5,Верзанский_ГА,OVTqP9R1
86,Алтубин Ярослав Леонидович,414,10г,5,Алтубин_ЯЛ,cqRDXwhx
87,Аузин Игорь Алексиевич,435,8х,5,Аузин_ИА,Vh2sWKsk
88,Калыгин Степан Тимофеевич,353,8и,2,Калыгин_СТ,lIg4LtbO
89,Дурныгина Полина Игоревна,72,8и,2,Дурныгина_ПИ,2F49hCW7
90,Антюфеева Александра Вадимовна,347,8и,2,Антюфеева_АВ,pqAWGYm0
91,Лощинский Борис Романович,210,10б,3,Лощинский_БР,dusIcvPB
92,Ходорков Евгений Виталиевич,344,9г,5,Ходорков_ЕВ,d7QNbA7Q
93,Кафорин Федор Данилович,427,10д,3,Кафорин_ФД,EAUWs4HI
94,Косынская Алиса Дмитриевна,40,9в,3,Косынская_АД,OxhPuqul
95,Беремцев Артём Антонович,434,11т,2,Беремцев_АА,TJcVMIGU
96,Влянская Мария Андреевна,490,7т,4,Влянская_МА,D5F9IF2G
97,Мыгеева Лиза Василевна,280,8в,5,Мыгеева_ЛВ,UcOrV4al
98,Акутникова Мария Алексеевна,173,11в,2,Акутникова_МА,SkGxlTu2
99,Карябкин Константин Максимович,89,7и,2,Карябкин_КМ,tUPjfhUy
100,Прилепина Яна Максимовна,30,10в,5,Прилепина_ЯМ,Lg3PYqwN
101,Ведищев Никита Георгиевич,365,7и,5,Ведищев_НГ,yva6g9MR
102,Самчева Вероника Борисовна,287,10г,3,Самчева_ВБ,K3WRqKIj
103,Пирцхалова Карина Леонидовна,452,10г,5,Пирцхалова_КЛ,KjENfShi
104,Павлочев Денис Борисович,432,11д,5,Павлочев_ДБ,Z9k1LlQg
105,Арашкова Екатерина Евгеньевна,356,8х,None,Арашкова_ЕЕ,9dCHvCrx
106,Байсарова Людмила Василевна,215,11и,2,Байсарова_ЛВ,h0VzF3oO
107,Кудекина Зинаида Игоревна,250,10и,3,Кудекина_ЗИ,XV81tjX5
108,Дерналов Виталий Викторович,1,9г,4,Дерналов_ВВ,rz2GBPym
109,Сазинова Галина Романовна,61,9и,3,Сазинова_ГР,pYvlqx13
110,Остаченова Марина Эдуардовна,229,9т,5,Остаченова_МЭ,TJxt7SNn
111,Битюкова Яна Егоровна,488,9и,4,Битюкова_ЯЕ,TlkEbLdP
112,Иваницкий Константин Борисович,232,8д,5,Иваницкий_КБ,VGhmomwE
113,Белянский Владислав Игоревич,74,11б,5,Белянский_ВИ,tD0hPT1N
114,Баранкин Артём Алексеевич,382,9т,2,Баранкин_АА,ifzsA8pq
115,Шкабанова Софья Вадимовна,499,9х,4,Шкабанова_СВ,iOJGDMbC
116,Полозлов Денис Адамович,155,8т,3,Полозлов_ДА,DrouA5Ay
117,Жунина Светлана Михайловна,162,8в,3,Жунина_СМ,ekjAmmcE
118,Пантыкин Борис Игоревич,245,9х,2,Пантыкин_БИ,1tszwb6d
119,Доутова Марина Богдановна,189,11х,2,Доутова_МБ,jhygNWHa
120,Трещалова Яна Андреевна,330,8б,3,Трещалова_ЯА,OMPAIkil
121,Ивашечкин Александр Данилович,390,10т,4,Ивашечкин_АД,nFzPzAGp
122,Мазьянова Инна Богдановна,416,11в,4,Мазьянова_ИБ,uJHTujbe
123,Корогев Николай Евгеньевич,184,8б,5,Корогев_НЕ,chlfNlIq
124,Заидова Галина Максимовна,88,9т,4,Заидова_ГМ,VNXEgoAl
125,Рамхин Кирилл Алексиевич,459,9х,4,Рамхин_КА,HwMwAqGV
126,Кизбабаев Эдуард Фёдорович,415,11т,2,Кизбабаев_ЭФ,4FNyZiFi
127,Соурчаков Ярослав Валериевич,268,8б,2,Соурчаков_ЯВ,1DyCArr5
128,Мотяшева Алена Михайловна,404,7т,2,Мотяшева_АМ,4odFFZ5O
129,Горшкова Наталия Яковлевна,340,11а,2,Горшкова_НЯ,ZNhDxzxA
130,Зябрицкий Игорь Виталиевич,332,7а,5,Зябрицкий_ИВ,2QkoeTgA
131,Шельдяев Игорь Юриевич,97,7д,5,Шельдяев_ИЮ,87hpCQiB
132,Шмелькин Максим Викторович,483,9т,5,Шмелькин_МВ,bJv1HoWj
133,Жалкин Алексей Алексеевич,43,7а,3,Жалкин_АА,ODgwtxsJ
134,Худасов Денис Максимович,70,10д,2,Худасов_ДМ,aQypyJam
135,Швичкова Наталья Эдуардовна,398,7г,4,Швичкова_НЭ,8wodJczf
136,Едская Жанна Валерьевна,436,11в,4,Едская_ЖВ,tOfcTAtS
137,Поморзина Полина Евгеньевна,122,7д,4,Поморзина_ПЕ,FBt4VqTe
138,Будачева Кира Олеговна,55,11х,4,Будачева_КО,Q1rDmVnj
139,Молкаев Василий Валериевич,216,8д,2,Молкаев_ВВ,dzPwYDiO
140,Яцынин Константин Тимофеевич,285,7г,2,Яцынин_КТ,tl8DjbEb
141,Маховиков Василий Петрович,391,7х,4,Маховиков_ВП,dNZc0yNn
142,Шаметова Евгения Вадимовна,463,7а,2,Шаметова_ЕВ,7q0Q3Zm9
143,Законнова Жанна Евгеньевна,442,11и,None,Законнова_ЖЕ,nFLMZRXL
144,Перчихин Аркадий Тимофеевич,164,10т,3,Перчихин_АТ,nZJESmNH
145,Бурдасова Ксения Игоревна,203,9а,3,Бурдасова_КИ,k655Kdw8
146,Киссин Степан Иванович,251,7х,5,Киссин_СИ,4hbwBamv
147,Вапилина Мария Егоровна,77,7д,2,Вапилина_МЕ,GSA4sCeB
148,Сигутина Дарья Федоровна,458,7б,2,Сигутина_ДФ,9LGM8QHM
149,Сошьяков Альберт Фёдорович,17,7т,4,Сошьяков_АФ,14qw9TUd
150,Лугахина Клара Вадимовна,419,8в,4,Лугахина_КВ,pqVM93IE
151,Логецкий Анатолий Виталиевич,372,11б,4,Логецкий_АВ,bq5uNrfG
152,Ковайкова Юлия Егоровна,75,10г,2,Ковайкова_ЮЕ,O2wWhMzE
153,Вермутский Валерий Петрович,447,9и,5,Вермутский_ВП,5RVw4U0u
154,Россомахов Олег Юриевич,56,8в,2,Россомахов_ОЮ,a8fdiyLO
155,Циплакова Екатерина Егоровна,471,9б,5,Циплакова_ЕЕ,waz1Xego
156,Квятцева Алла Никитична,138,11в,2,Квятцева_АН,BHURzsG2
157,Выхухолева Лариса Василевна,384,8б,5,Выхухолева_ЛВ,95mkhhba
158,Целохов Андрей Вадимович,433,8и,5,Целохов_АВ,pueOfcHc
159,Бендин Иван Яковлевич,71,8и,4,Бендин_ИЯ,uqzAMFVM
160,Лазученков Василий Алексеевич,381,7х,2,Лазученков_ВА,AsjUOpNe
161,Скоропухов Михаил Василиевич,69,10и,3,Скоропухов_МВ,imPPSA8W
162,Мухонкин Тарас Романович,126,9и,4,Мухонкин_ТР,jVOWZ8eJ
163,Камерцев Владимир Кириллович,303,7а,3,Камерцев_ВК,R7zaDEnp
164,Сандрыкина Анна Олеговна,324,10т,2,Сандрыкина_АО,Ws4Ino81
165,Недбайлов Алексей Денисович,15,7т,2,Недбайлов_АД,UqfLRwM9
166,Серпков Ярослав Георгиевич,380,10б,4,Серпков_ЯГ,P8v0xIdZ
167,Хатшуклов Аркадий Николаевич,42,11т,4,Хатшуклов_АН,VWaFQaki
168,Литвалиева Алиса Егоровна,10,11и,3,Литвалиева_АЕ,xh9XZREW
169,Енесина Лиза Валерьевна,293,9б,5,Енесина_ЛВ,B6gkZmhN
170,Пикальков Эдуард Алексиевич,21,8д,5,Пикальков_ЭА,INbZkJBQ
171,Сачинский Валентин Кириллович,125,10т,2,Сачинский_ВК,wcjtUJ9E
172,Тарзанова Евгения Аркадьевна,96,9д,2,Тарзанова_ЕА,UjoxFTud
173,Лапундин Юрий Игоревич,267,8и,5,Лапундин_ЮИ,LRxmmFmE
174,Личева Лиза Михайловна,453,9б,3,Личева_ЛМ,KvItP3mj
175,Смароверов Яков Борисович,131,11в,4,Смароверов_ЯБ,nVOF1cZI
176,Вереина Алла Василевна,295,10и,3,Вереина_АВ,gz7qVXNI
177,Погиблева Дарья Леонидовна,283,9в,5,Погиблева_ДЛ,O93UEtHK
178,Байнова Анастасия Вадимовна,363,7б,3,Байнова_АВ,xXPiOj5g
179,Шиловский Вячеслав Максимович,438,9и,4,Шиловский_ВМ,gHBSbj0P
180,Сыждиков Пётр Василиевич,494,11х,5,Сыждиков_ПВ,uxf5OppX
181,Каценова Алёна Эдуардовна,165,11т,2,Каценова_АЭ,WCJsWlMV
182,Мужицких Ева Олеговна,348,8х,3,Мужицких_ЕО,ccG1r46w
183,Плеснецов Степан Юрьевич,22,10а,2,Плеснецов_СЮ,bwKhyvRD
184,Игумнова Алёна Сергеевна,114,9д,4,Игумнова_АС,fxfUbQNI
185,Хадаров Владимир Валериевич,278,11т,5,Хадаров_ВВ,h5rSRFJv
186,Ступакова Кира Ивановна,421,8и,3,Ступакова_КИ,MAyizS1U
187,Шоленинов Федор Максимович,286,11т,4,Шоленинов_ФМ,NO7NaKo3
188,Гундаров Руслан Николаевич,158,9д,4,Гундаров_РН,WWj1ogzt
189,Гречишева Марина Андреевна,464,7д,2,Гречишева_МА,1aAHL7Js
190,Утилова Алена Андреевна,253,11д,3,Утилова_АА,PbTzhkdH
191,Роткичева Алиса Максимовна,410,10а,4,Роткичева_АМ,9Va9VxLt
192,Колтышева Марина Вадимовна,87,11г,4,Колтышева_МВ,J9HZ7z0t
193,Гурычева Лариса Валерьевна,489,9б,2,Гурычева_ЛВ,XdQrwMom
194,Горцева Кристина Никитична,246,8и,4,Горцева_КН,E5vWQgZT
195,Кутурин Геннадий Денисович,197,9в,2,Кутурин_ГД,Myj7iSK1
196,Стефанков Яков Евгеньевич,318,10г,3,Стефанков_ЯЕ,9IX60Rkv
197,Множина Людмила Василевна,90,8б,2,Множина_ЛВ,JcaxifIK
198,Семисалов Георгий Иванович,316,9в,3,Семисалов_ГИ,Mx8JavUY
199,Рогалов Альберт Валериевич,327,9б,2,Рогалов_АВ,zhGyDAbl
200,Черетаева Анастасия Олеговна,341,9б,2,Черетаева_АО,2ZMZTj59
201,Радоминова Любовь Игоревна,25,9и,5,Радоминова_ЛИ,vg3IP7n3
202,Шувырина Лиза Андреевна,395,9а,5,Шувырина_ЛА,PZ8Zk1jU
203,Калиженков Семён Алексеевич,401,11а,4,Калиженков_СА,qyjqKIfN
204,Старокашин Константин Петрович,309,10а,3,Старокашин_КП,F5XCWS5C
205,Малтоцов Аркадий Яковлевич,218,8а,3,Малтоцов_АЯ,SqIOwQIc
206,Кузеванова Ева Егоровна,116,7д,2,Кузеванова_ЕЕ,yhNBJBFE
207,Нурулина Алёна Егоровна,284,9х,2,Нурулина_АЕ,gJYqbD1f
208,Лератов Герасим Сергеевич,374,10а,4,Лератов_ГС,92N1q7Y0
209,Людин Руслан Аркадиевич,498,7и,3,Людин_РА,z01FlrOh
210,Пурин Виктор Данилович,154,8и,5,Пурин_ВД,rp6JhGTV
211,Лютов Виктор Юрьевич,288,11г,2,Лютов_ВЮ,iKpt3P1p
212,Марюшкина Яна Федоровна,345,10д,5,Марюшкина_ЯФ,MvX5WtWO
213,Томилова Кристина Михайловна,492,11б,3,Томилова_КМ,VQw6I8Jl
214,Дистерев Валерий Валериевич,24,7г,3,Дистерев_ВВ,BG4reLjE
215,Дочкин Геннадий Алексиевич,52,11и,5,Дочкин_ГА,EmysNTGp
216,Иняхин Руслан Сергеевич,234,7и,5,Иняхин_РС,21Wcwr3O
217,Знайкова Раиса Егоровна,148,11х,3,Знайкова_РЕ,JkWOUTGR
218,Кашавцев Аркадий Леонидович,58,7а,4,Кашавцев_АЛ,QOtBHksB
219,Пятернина Кристина Андреевна,445,7и,2,Пятернина_КА,OJQZGWDc
220,Гусеева Карина Викторовна,263,9и,2,Гусеева_КВ,O7l4qBST
221,Кастева Яна Сергеевна,108,7и,2,Кастева_ЯС,vORj3Anr
222,Гришанин Тарас Павлович,113,10т,2,Гришанин_ТП,tFNL5pbd
223,Грамоткин Илья Викторович,195,8д,5,Грамоткин_ИВ,sN4G52Uz
224,Мелисин Геннадий Василиевич,465,10г,2,Мелисин_ГВ,Iz4anlZA
225,Цинина Светлана Яковлевна,105,11г,5,Цинина_СЯ,YFTR2Vc6
226,Петов Георгий Адамович,57,9а,2,Петов_ГА,QkTMx677
227,Реева Валентина Максимовна,146,11и,5,Реева_ВМ,XGBSbXHD
228,Слесивых Мария Аркадьевна,35,7и,5,Слесивых_МА,XANcurIp
229,Афтаева Полина Ивановна,193,10д,5,Афтаева_ПИ,VGjl90XH
230,Кривицкий Валентин Виталиевич,208,8х,5,Кривицкий_ВВ,wFyCsB94
231,Чубатов Константин Леонидович,279,11а,4,Чубатов_КЛ,iAwNm8m8
232,Партенков Геннадий Павлович,418,8х,3,Партенков_ГП,RzERdiwF
233,Черушев Григорий Борисович,84,7г,4,Черушев_ГБ,bll196Xo
234,Тютекин Георгий Тимофеевич,262,7а,2,Тютекин_ГТ,C5Yoob5E
235,Янкевский Вячеслав Адамович,167,11г,4,Янкевский_ВА,8K4aI5ZV
236,Сухручкина Клавдия Аркадьевна,177,7в,4,Сухручкина_КА,oH6dDQTC
237,Конофалова Клара Петровна,95,11д,5,Конофалова_КП,ZTuZ099G
238,Лигасов Михаил Павлович,491,11г,4,Лигасов_МП,oY8KrnhE
239,Писарьков Альберт Игоревич,313,8в,4,Писарьков_АИ,3S27p7sS
240,Варов Кирилл Иванович,28,8а,5,Варов_КИ,JCSNaoFc
241,Пурынов Евгений Петрович,244,9и,3,Пурынов_ЕП,geCcJmhu
242,Супрутская Вероника Викторовна,187,9а,2,Супрутская_ВВ,seFZXsQ2
243,Скроцкая Алина Федоровна,127,8г,3,Скроцкая_АФ,Yw9tor3Q
244,Барадулин Вадим Юрьевич,281,11х,3,Барадулин_ВЮ,p2KmRMzl
245,Точилин Дмитрий Фёдорович,476,8а,2,Точилин_ДФ,wh5QF7ZI
246,Бикмуллин Руслан Валериевич,333,11т,2,Бикмуллин_РВ,sb9xBHzL
247,Серпичев Василий Алексиевич,394,10х,5,Серпичев_ВА,CxrmNe8a
248,Вострышев Яков Аркадиевич,343,8г,5,Вострышев_ЯА,yj6WLHPJ
249,Грушчева София Евгеньевна,480,11в,None,Грушчева_СЕ,XVo1zOEL
250,Кулапов Александр Юрьевич,109,9б,5,Кулапов_АЮ,vCDh6Y9A
251,Чибисенков Владислав Фёдорович,375,8х,3,Чибисенков_ВФ,j9kFjqEA
252,Утилов Роман Василиевич,254,9х,2,Утилов_РВ,YB6RROZF
253,Татаурова Галина Федоровна,145,10т,4,Татаурова_ГФ,Tf3DjUle
254,Визавитина Наталия Леонидовна,101,10г,2,Визавитина_НЛ,S28cWXeW
255,Мягченков Артём Денисович,115,7б,4,Мягченков_АД,zzJ0C0C6
256,Брикова Инна Богдановна,256,9б,4,Брикова_ИБ,9jxDJYYC
257,Наторкин Валентин Данилович,319,7и,2,Наторкин_ВД,gRCseBza
258,Эштрекова Софья Алексеевна,76,9в,3,Эштрекова_СА,SvHa27Up
259,Кутаманова Кира Андреевна,182,10т,2,Кутаманова_КА,Fo63Gvsx
260,Кыштымова Евгения Эдуардовна,255,8в,5,Кыштымова_ЕЭ,7kWlnrRI
261,Ккнязева Клавдия Дмитриевна,34,7б,5,Ккнязева_КД,HSnY5D5I
262,Глаголина Алиса Никитична,249,9д,2,Глаголина_АН,pTaPyC6M
263,Рисина Раиса Валерьевна,451,10а,4,Рисина_РВ,7r0J01Wr
264,Ребров Алексей Георгиевич,289,8и,3,Ребров_АГ,koXuLiN1
265,Вырысалова Александра Евгеньевна,39,11и,2,Вырысалова_АЕ,dKLl9ZUW
266,Гомольский Владимир Юриевич,314,11х,5,Гомольский_ВЮ,tU45fQx3
267,Швинова Марина Федоровна,271,8г,5,Швинова_МФ,3TjFm2r0
268,Рудковская Инна Дмитриевна,6,7т,3,Рудковская_ИД,iM2au9FA
269,Решеткина Дарья Василевна,408,10и,3,Решеткина_ДВ,kpHonlvS
270,Евстихеев Игорь Василиевич,422,10х,5,Евстихеев_ИВ,9Cbd2Pxi
271,Лазарина Алёна Федоровна,161,8б,3,Лазарина_АФ,QuUTbLyN
272,Гляченков Григорий Николаевич,431,10а,5,Гляченков_ГН,nhc1nsAe
273,Чардынцева Алина Вадимовна,135,10д,3,Чардынцева_АВ,he5Fw5zM
274,Скаредов Яков Иванович,337,9т,5,Скаредов_ЯИ,jyw1Yhnx
275,Юрицкий Эдуард Денисович,192,7д,3,Юрицкий_ЭД,Dz0m6fqv
276,Кравчина Светлана Аркадьевна,413,11г,5,Кравчина_СА,jXGUuVdL
277,Чмареткова Полина Вадимовна,449,10а,2,Чмареткова_ПВ,jHxkL7a0
278,Углова Галина Романовна,260,9г,3,Углова_ГР,mecC60XK
279,Згуровская Виктория Андреевна,220,9т,4,Згуровская_ВА,2N0qcSC2
280,Секерский Станислав Сергеевич,235,10а,4,Секерский_СС,ftK09grQ
281,Жевайкин Евгений Адамович,86,11г,3,Жевайкин_ЕА,Y7r64vCG
282,Коточигов Семён Игоревич,26,9д,5,Коточигов_СИ,BBzHbOcZ
283,Калонин Альберт Денисович,297,8б,2,Калонин_АД,HdyWhvNb
284,Валягин Григорий Антонович,94,10в,4,Валягин_ГА,cjNiAZ21
285,Коцева Кристина Николаевна,412,9г,3,Коцева_КН,Wkyk011X
286,Голина Кристина Максимовна,3,7х,3,Голина_КМ,mzHu3Qbl
287,Батрамеев Анатолий Романович,354,9х,3,Батрамеев_АР,rxdKPlLq
288,Чикмарев Валентин Валериевич,306,9и,5,Чикмарев_ВВ,JhRJym3v
289,Киницына Валерия Олеговна,202,7х,4,Киницына_ВО,A5t72FPZ
290,Числин Юрий Денисович,121,7в,2,Числин_ЮД,b9qQUk3L
291,Стебунова Юлия Романовна,358,9т,3,Стебунова_ЮР,nSOhzsLS
292,Кацов Павел Павлович,236,10г,5,Кацов_ПП,BJ9nAGHR
293,Гоцев Тарас Викторович,41,8в,3,Гоцев_ТВ,zRa8kCPb
294,Мотовицкий Роман Аркадиевич,31,11и,5,Мотовицкий_РА,v1jtUgnX
295,Чурзина Клара Егоровна,308,10б,3,Чурзина_КЕ,LD6cSEUe
296,Щепалкина Валерия Сергеевна,134,9б,4,Щепалкина_ВС,v7n5pFzI
297,Утимишев Ярослав Игоревич,239,11а,3,Утимишев_ЯИ,FYUwHMfi
298,Алуханов Кирилл Фёдорович,298,7т,2,Алуханов_КФ,hMqs5UQD
299,Полунеев Валентин Валериевич,307,8и,2,Полунеев_ВВ,JhSJbWtD
300,Крупенова Наталия Андреевна,209,7в,5,Крупенова_НА,wLiEHIq2
301,Корнюшин Илья Юрьевич,44,10т,3,Корнюшин_ИЮ,ZwtqevgZ
302,Паушева Виолетта Никитична,310,8г,4,Паушева_ВН,XraZjcaR
303,Берзин Герасим Антонович,349,11т,5,Берзин_ГА,XKQpDrpa
304,Шулунова Алла Алексеевна,54,7д,4,Шулунова_АА,4bRfrIBG
305,Трепашова София Яковлевна,399,11а,2,Трепашова_СЯ,rs3IJuln
306,Чумейкин Константин Антонович,8,8б,5,Чумейкин_КА,frYTOrPT
307,Польшиков Денис Игоревич,495,9и,2,Польшиков_ДИ,yqgZ3igt
308,Медоусова Жанна Романовна,252,7б,2,Медоусова_ЖР,ZHJMwzxA
309,Акуратова Клавдия Андреевна,92,9г,5,Акуратова_КА,wAN9nvhI
310,Курмеева Елизавета Валерьевна,486,8а,5,Курмеева_ЕВ,tT5amzyh
311,Бадов Александр Аркадиевич,217,10г,3,Бадов_АА,AwQ0VFoN
312,Бакушин Эдуард Адамович,265,7б,5,Бакушин_ЭА,qs6kSihS
313,Чебина Инна Сергеевна,273,10т,2,Чебина_ИС,rAoQq3AB
314,Подледнова Наталья Ивановна,112,11и,3,Подледнова_НИ,56EE2Q5Y
315,Садгеева Лиза Евгеньевна,460,11г,3,Садгеева_ЛЕ,BdK4HYMs
316,Акушин Борис Павлович,493,9т,2,Акушин_БП,HMDJ0LSm
317,Аришев Руслан Кириллович,379,10т,3,Аришев_РК,7IQRV2eb
318,Гуслова Кристина Олеговна,389,9в,2,Гуслова_КО,he7yJ6Xo
319,Глоточкина Оксана Аркадьевна,370,9и,5,Глоточкина_ОА,airQQGsV
320,Шапина Маргарита Романовна,163,8б,5,Шапина_МР,K04eCGpT
321,Дурылин Георгий Валериевич,261,11т,4,Дурылин_ГВ,6uEj0Fte
322,Болкисева Анна Викторовна,248,7х,4,Болкисева_АВ,jVIryRAF
323,Багапов Вячеслав Сергеевич,99,7д,4,Багапов_ВС,IG75X2P9
324,Люцарева Яна Аркадьевна,376,11б,2,Люцарева_ЯА,svhN69qx
325,Боготынина София Егоровна,63,11б,5,Боготынина_СЕ,cKkV0t8x
326,Саюшкин Игорь Алексиевич,211,11х,5,Саюшкин_ИА,p40wP4b8
327,Потешных Тамара Николаевна,468,11в,3,Потешных_ТН,4b2wVQ8l
328,Незлина Жанна Василевна,426,8б,5,Незлина_ЖВ,u4cwCaff
329,Федичева Вероника Кирилловна,37,7х,4,Федичева_ВК,yfbG42qY
330,Пустынкин Вадим Антонович,388,10в,5,Пустынкин_ВА,0CkdQvew
331,Аринакова Ирина Михайловна,150,8в,5,Аринакова_ИМ,TTS2Y8mX
332,Обиралкова Мария Егоровна,294,11т,5,Обиралкова_МЕ,A3TFsGFb
333,Аристарова Валентина Максимовна,443,11г,2,Аристарова_ВМ,nxnOgF2P
334,Яуров Герасим Юрьевич,38,9а,5,Яуров_ГЮ,5VFrcbGw
335,Духонькин Вячеслав Фёдорович,2,9в,4,Духонькин_ВФ,YYwgNxwf
336,Гвасков Евгений Михаилович,402,9в,5,Гвасков_ЕМ,ROwVjptQ
337,Жабынина Галина Николаевна,185,7х,5,Жабынина_ГН,Ijq0ohnc
338,Шерюкова Виолетта Романовна,440,9б,4,Шерюкова_ВР,3Zh2npJw
339,Колокатов Пётр Евгеньевич,484,10в,3,Колокатов_ПЕ,N1aWNwfG
340,Шайдуков Андрей Михаилович,317,9и,4,Шайдуков_АМ,wMKHIHKW
341,Смирнягина Дарья Игоревна,425,10в,4,Смирнягина_ДИ,lgyNL82c
342,Штырева Ева Олеговна,258,11и,2,Штырева_ЕО,WvWaUG51
343,Ашукин Вячеслав Михаилович,191,10т,4,Ашукин_ВМ,6pRrFeLN
344,Рубченкова Галина Алексеевна,190,9в,3,Рубченкова_ГА,aSW20Zp7
345,Зархин Иван Алексиевич,478,11и,5,Зархин_ИА,Bbl3Exn6
346,Адиотов Дмитрий Павлович,156,7б,3,Адиотов_ДП,fygCZ3c5
347,Тищенкова Раиса Валерьевна,79,7д,3,Тищенкова_РВ,vjuZ8Zkx
348,Лозеев Илья Петрович,205,10д,2,Лозеев_ИП,w9PXwUTm
349,Кобяшов Герасим Михаилович,305,11т,2,Кобяшов_ГМ,VvomLP2r
350,Ронова Клавдия Валерьевна,107,7и,4,Ронова_КВ,2yTTtQhh
351,Стрижнов Алексей Евгеньевич,385,11г,3,Стрижнов_АЕ,vb4PvRSk
352,Волынский Алексей Виталиевич,362,11т,5,Волынский_АВ,kCyk7wyr
353,Машонский Василий Данилович,23,9д,5,Машонский_ВД,r7emwPSn
354,Буриева Зинаида Аркадьевна,104,11д,4,Буриева_ЗА,eeSxrCKd
355,Борщина Алёна Ивановна,377,11а,5,Борщина_АИ,Gsy7bAEs
356,Белчков Олег Иванович,275,10а,4,Белчков_ОИ,VOQ9zQ4g
357,Остропиков Альберт Данилович,157,8г,2,Остропиков_АД,lRMml0lz
358,Оргонова Любовь Максимовна,264,7б,4,Оргонова_ЛМ,uh9f1Mmj
359,Мальков Юрий Евгеньевич,228,7г,3,Мальков_ЮЕ,NjgrJtiQ
360,Свльхова Наталья Вадимовна,160,9т,5,Свльхова_НВ,Dr4bqooI
361,Мякушков Герасим Леонидович,102,10т,3,Мякушков_ГЛ,waTTlZ5C
362,Межуев Георгий Юриевич,355,8г,4,Межуев_ГЮ,GvMdy6YP
363,Чериншев Александр Сергеевич,439,8а,2,Чериншев_АС,Udfczc4B
364,Муниров Алексей Андреевич,117,11г,3,Муниров_АА,0toJt3KX
365,Климухин Руслан Романович,269,10в,3,Климухин_РР,HG8PzNGW
366,Дембская Екатерина Никитична,64,11б,4,Дембская_ЕН,pGkBQ2oa
367,Тюнеев Яков Фёдорович,417,10т,2,Тюнеев_ЯФ,o24I8y6N
368,Трушитин Антон Данилович,168,9х,3,Трушитин_АД,n1VLzW7J
369,Балакишиев Роман Алексиевич,143,11х,5,Балакишиев_РА,9D5In0Jc
370,Немтюрева Валерия Аркадьевна,12,10г,4,Немтюрева_ВА,NwbQ2Xjb
371,Складанова Клавдия Аркадьевна,257,9а,3,Складанова_КА,T1gUfRKw
372,Заходина Полина Леонидовна,93,10д,4,Заходина_ПЛ,dLQbkVMR
373,Муринов Анатолий Борисович,171,11б,5,Муринов_АБ,WNJLKjV3
374,Гришалова Любовь Евгеньевна,301,8т,3,Гришалова_ЛЕ,2PyX4c9Y
375,Ситчихин Станислав Георгиевич,247,8т,5,Ситчихин_СГ,qV7RwLEJ
376,Просяных Георгий Василиевич,366,9в,2,Просяных_ГВ,ZC2EeAxG
377,Дзабиев Григорий Георгиевич,259,11д,5,Дзабиев_ГГ,yaEzVHqw
378,Рыбаулин Григорий Алексеевич,140,11а,5,Рыбаулин_ГА,xWSMroed
379,Тупиева Екатерина Ивановна,400,7д,2,Тупиева_ЕИ,PsWSz9Nj
380,Куверчева Алена Ивановна,170,10д,3,Куверчева_АИ,cJhqNLOU
381,Цаблинова Виктория Богдановна,342,9г,4,Цаблинова_ВБ,ohi3OhwP
382,Синенков Григорий Леонидович,230,9в,5,Синенков_ГЛ,xUnlyetv
383,Лизункин Артур Олегович,4,11в,5,Лизункин_АО,H3Kc7C2M
384,Славущева Александра Эдуардовна,81,8а,5,Славущева_АЭ,GJ8yHEeM
385,Шахвердов Дмитрий Антонович,132,11б,2,Шахвердов_ДА,Z9a5MSVi
386,Рапацкая Ольга Ивановна,223,10г,3,Рапацкая_ОИ,TJ33bjT8
387,Сторокожев Виталий Аркадиевич,159,9б,2,Сторокожев_ВА,Gb7i54LD
388,Половодов Кирилл Николаевич,18,8т,5,Половодов_КН,n3nHduG5
389,Халтанова Алена Дмитриевна,49,8б,3,Халтанова_АД,fYMBQH5S
390,Заложнев Роман Фёдорович,448,8в,4,Заложнев_РФ,D1nMRNCZ
391,Рыжих Кристина Аркадьевна,213,7а,4,Рыжих_КА,wIdUrq5j
392,Буров Руслан Игоревич,405,11и,5,Буров_РИ,us0CW0Nl
393,Гачков Виталий Евгеньевич,277,9т,4,Гачков_ВЕ,Q1Hn03M3
394,Кадилов Геннадий Борисович,225,10в,3,Кадилов_ГБ,tL4oOyQP
395,Гликина Алёна Эдуардовна,454,9б,3,Гликина_АЭ,7avpPxmK
396,Ичкинина Любовь Андреевна,299,8г,5,Ичкинина_ЛА,vlCUPcQZ
397,Мозшорина Кира Дмитриевна,65,8б,3,Мозшорина_КД,5TsAwrGd
398,Брижеватов Константин Борисович,152,11т,2,Брижеватов_КБ,WFxHh0HX
399,Бучеров Тарас Викторович,429,10д,4,Бучеров_ТВ,zZcF922a
400,Мисютина Валерия Эдуардовна,368,9г,2,Мисютина_ВЭ,hjxxUYIG
401,Льянов Федор Вадимович,328,8а,4,Льянов_ФВ,LUK5NS1q
402,Щуркин Георгий Яковлевич,180,8в,4,Щуркин_ГЯ,yY9YsBbg
403,Акулин Федор Адамович,241,10г,4,Акулин_ФА,WzoV60ys
404,Волженкова Екатерина Ивановна,233,9д,4,Волженкова_ЕИ,6A1pcyyg
405,Махометова София Викторовна,424,8и,3,Махометова_СВ,hOsK5RmW
406,Зызлов Геннадий Антонович,274,7в,3,Зызлов_ГА,iAQ7i2u8
407,Девляшова Кира Олеговна,51,11д,5,Девляшова_КО,B0JTiOCY
408,Яковкина Алена Никитична,320,9т,5,Яковкина_АН,b6xbRaFp
409,Бузулев Вадим Николаевич,331,10д,3,Бузулев_ВН,6gnsEhH6
410,Ганельский Юрий Юриевич,474,9д,3,Ганельский_ЮЮ,8jsFldWs
411,Шкапрова Ева Ивановна,371,7б,5,Шкапрова_ЕИ,8G6pvhPN
412,Чичирин Владимир Георгиевич,11,10а,4,Чичирин_ВГ,QFit4zHs
413,Шилова Надежда Викторовна,124,9б,2,Шилова_НВ,jOMxJzce
414,Коваев Руслан Михаилович,487,9т,3,Коваев_РМ,MgJeM9rc
415,Саверина Надежда Андреевна,407,11б,4,Саверина_НА,WBD3G6CM
416,Тишанкин Олег Адамович,334,9д,3,Тишанкин_ОА,kQgcvQ3Z
417,Широпаев Валерий Сергеевич,406,9б,2,Широпаев_ВС,8vRfmVRp
418,Щепанин Олег Адамович,226,7а,3,Щепанин_ОА,jOmShazy
419,Оплетин Владислав Аркадиевич,361,10х,4,Оплетин_ВА,LZ5ZTj9A
420,Оденова Карина Андреевна,409,8и,4,Оденова_КА,odYhEhWF
421,Семагин Альберт Андреевич,456,10х,4,Семагин_АА,9FKYkGMG
422,Черданцева Анастасия Олеговна,128,8х,3,Черданцева_АО,Kcg0pEsW
423,Лонцова Елизавета Эдуардовна,224,7х,3,Лонцова_ЕЭ,jqeyxbGl
424,Сарсекеева Алёна Никитична,462,11и,4,Сарсекеева_АН,fkwxZToW
425,Аковецкий Антон Евгеньевич,500,8б,4,Аковецкий_АЕ,oYMZFSVO
426,Аратский Станислав Борисович,351,9и,2,Аратский_СБ,hP1hDVsK
427,Чужриков Пётр Денисович,200,9в,3,Чужриков_ПД,kOTHXqT8
428,Никитшин Алексей Кириллович,111,11и,3,Никитшин_АК,ZDZb9A0z
429,Симендяев Василий Алексиевич,45,8д,4,Симендяев_ВА,idjVLM4f
430,Ошитков Максим Сергеевич,151,10г,4,Ошитков_МС,QK903ikZ
431,Юрасов Евгений Романович,338,9и,3,Юрасов_ЕР,epzNrAHd
432,Головяшин Павел Юриевич,179,7г,5,Головяшин_ПЮ,mj5z22Jp
433,Манжурина Екатерина Сергеевна,219,7т,3,Манжурина_ЕС,bw7ts6ss
434,Никурашин Олег Евгеньевич,291,11х,2,Никурашин_ОЕ,WVA8yN1E
435,Бехтерев Федор Вадимович,137,9х,3,Бехтерев_ФВ,BJs5gFjQ
436,Годлевская Катерина Дмитриевна,403,11г,3,Годлевская_КД,5bNAW52m
437,Акиярова Алина Эдуардовна,9,11а,4,Акиярова_АЭ,PA6OfauY
438,Милина Алена Петровна,359,8г,3,Милина_АП,OFXTi5fN
439,Воловин Борис Викторович,350,7т,2,Воловин_БВ,R9Uir8iv
440,Туморина Ксения Федоровна,133,8б,5,Туморина_КФ,Mj0TZ8JV
441,Желейков Вячеслав Яковлевич,199,8г,3,Желейков_ВЯ,0o7BNc49
442,Шишорнина Екатерина Алексеевна,183,8т,3,Шишорнина_ЕА,NRfXU4DX
443,Юумогулова Виолетта Игоревна,311,10х,3,Юумогулова_ВИ,mTaOO9Uf
444,Рецков Денис Денисович,85,10д,2,Рецков_ДД,JJKKGDaY
445,Химунина Елизавета Ивановна,392,7д,2,Химунина_ЕИ,rld4q3hw
446,Кобрянов Александр Алексиевич,455,7т,2,Кобрянов_АА,iv9l4p0A
447,Бирылов Тарас Данилович,243,11а,3,Бирылов_ТД,qyFEOuyv
448,Туфатулин Ярослав Леонидович,485,8х,4,Туфатулин_ЯЛ,SloINqVK
449,Долбишев Николай Аркадиевич,292,10б,5,Долбишев_НА,hYBQ2HvQ
450,Махтумова Алёна Эдуардовна,186,10б,4,Махтумова_АЭ,SbA0AYjh
451,Нарзаркин Алексей Романович,423,10т,2,Нарзаркин_АР,IV5bCqlC
452,Куранина Алена Леонидовна,196,9б,4,Куранина_АЛ,sbl3gycA
453,Ситюков Аркадий Евгеньевич,32,10в,3,Ситюков_АЕ,3sRz57Vt
454,Мизюрова Алиса Никитична,176,7г,4,Мизюрова_АН,U00HEvts
455,Пандурова Алиса Дмитриевна,130,9б,2,Пандурова_АД,6sJKDq8R
456,Жилейкин Борис Тимофеевич,91,7в,2,Жилейкин_БТ,DWs7FkJl
457,Корпункова Виолетта Сергеевна,83,11а,3,Корпункова_ВС,BvoVsIN6
458,Пашохонова Анастасия Федоровна,467,9в,4,Пашохонова_АФ,PVe1zkq4
459,Сузальцева Тамара Михайловна,357,8х,4,Сузальцева_ТМ,zFxzN00c
460,Чиличкина Светлана Яковлевна,5,8в,5,Чиличкина_СЯ,fvukIJN3
461,Шантыкова Карина Максимовна,198,10д,3,Шантыкова_КМ,YsKfZHHe
462,Недосекин Владислав Яковлевич,457,10а,4,Недосекин_ВЯ,2z7XklGl
463,Максимкин Федор Фёдорович,172,10г,2,Максимкин_ФФ,uhZ5G1cY
464,Матбиюшина Виктория Игоревна,237,8д,2,Матбиюшина_ВИ,WYvKIvvj
465,Шишкунов Герасим Юрьевич,110,8т,4,Шишкунов_ГЮ,y4K6cidw
466,Сухинин Георгий Алексиевич,475,10х,4,Сухинин_ГА,EP4UqMsK
467,Бисеева Полина Романовна,48,7д,5,Бисеева_ПР,3TveSAN6
468,Жукулов Михаил Денисович,60,11г,3,Жукулов_МД,7oPa6N0c
469,Тоняев Герасим Петрович,378,9т,5,Тоняев_ГП,DKgO2MfL
470,Шушенкова Алёна Олеговна,36,7и,2,Шушенкова_АО,tsmHLwqW
471,Разроев Дмитрий Павлович,59,9а,2,Разроев_ДП,RyRzX5FR
472,Баззаев Анатолий Данилович,339,9д,2,Баззаев_АД,yPb1wWzZ
473,Цекова Алла Олеговна,50,8д,2,Цекова_АО,QwcUOUiJ
474,Аборонова Алиса Алексеевна,444,7г,5,Аборонова_АА,DsOD2iSB
475,Ягловская Ева Олеговна,181,8в,4,Ягловская_ЕО,xNHwtW0d
476,Шароварова Яна Романовна,175,8а,4,Шароварова_ЯР,PXSsDRsb
477,Общев Яков Викторович,466,8а,4,Общев_ЯВ,QOahewh0
478,Ойзерская Катерина Эдуардовна,120,7х,2,Ойзерская_КЭ,6r2kB3bp
479,Прусский Ярослав Иванович,479,11б,2,Прусский_ЯИ,PDdxJHRt
480,Лабинов Павел Алексеевич,272,7б,5,Лабинов_ПА,FsRm1zRb
481,Покровов Эдуард Павлович,312,8б,2,Покровов_ЭП,NgbR1rlg
482,Мачехин Эдуард Данилович,19,7д,3,Мачехин_ЭД,JzSqJ3IX
483,Кодорская Раиса Ивановна,27,11б,3,Кодорская_РИ,ENrIwt3H
484,Кондраева Марина Ивановна,469,9д,3,Кондраева_МИ,8pTRbV8x
485,Бульенков Валентин Иванович,136,10т,4,Бульенков_ВИ,0krieBQc
486,Тагакова Вероника Яковлевна,393,8т,4,Тагакова_ВЯ,Dxx13BHU
487,Гершанова Любовь Евгеньевна,383,11т,5,Гершанова_ЛЕ,NWg7dRKJ
488,Салина Алена Егоровна,73,11в,5,Салина_АЕ,vSpnLXUi
489,Фрумова Зинаида Аркадьевна,78,8а,4,Фрумова_ЗА,jSaWc2Yb
490,Хорняков Борис Борисович,13,8г,2,Хорняков_ББ,doVnwcDc
491,Гдагазина Лиза Василевна,212,9т,5,Гдагазина_ЛВ,3lhpEdWN
492,Агаршев Ярослав Михаилович,276,9т,2,Агаршев_ЯМ,UjtUhQfh
493,Корюшин Пётр Антонович,326,8х,2,Корюшин_ПА,UGgC866W
494,Калаев Пётр Алексиевич,68,8а,3,Калаев_ПА,o865TkBJ
495,Ккаталкина Виолетта Егоровна,53,7б,2,Ккаталкина_ВЕ,a6TiZgze
496,Рачнов Герасим Алексеевич,103,10а,5,Рачнов_ГА,48mdH6vY
497,Миндубаева Людмила Леонидовна,477,11и,2,Миндубаева_ЛЛ,bIUucy8t
498,Агафьева Вера Ивановна,352,11х,3,Агафьева_ВИ,vVZVw7yN
499,Житин Эдуард Адамович,481,9а,5,Житин_ЭА,rmggRgGr
